RegisterName,MSBit,LSBit,RegisterFiled,Comments,I_TX,I_RX_PASS,I_TX_A,I_RX_A_P,I_TX_A_106,I_RX_A_106_P,I_TX_A_212,I_RX_A_212,I_TX_A_424,I_RX_A_424,I_TX_A_848,I_RX_A_848,I_TX_B,I_RX_B,I_TX_B_106,I_RX_B_106,I_TX_B_212,I_RX_B_212,I_TX_B_424,I_RX_B_424,I_TX_B_848,I_RX_B_848,I_TX_F,I_RX_F_P,I_TX_F_212,I_RX_F_212_P,I_TX_F_424,I_RX_F_424_P,I_TX_15693,I_RX_15693,I_TX_15693_100,I_RX_15693_26,I_TX_15693_10,I_RX_15693_53,I_TX_EPCV2,I_RX_EPCV2,I_TX_EPCV2_TARI_9_44,I_TX_EPCV2_TARI_18_88,I_RX_EPCV2_SC424_2MP,I_RX_EPCV2_SC424_4MP,I_RX_EPCV2_SC848_2MP,I_RX_EPCV2_SC848_4MP,I_TX_ACT,I_RX_ACT,I_TX_ACT_106,I_RX_ACT_106,I_TX_ACT_212,I_RX_ACT_212,I_TX_ACT_424,I_RX_ACT_424,I_TX_BOOT,I_RX_BOOT,""
CLIF_ANA_RX_REG,"","","","","","","","","",02002F,"",020026,"",020026,"",020021,"","","",02002B,"",020026,"",020026,"",02002A,"","","",020021,"",020025,"","","",02002A,"",02002A,"","","","",02002E,02002A,02002F,020022,"","","",0390A3,"",0390A3,"",0390A3,"",03DB20,""
"",31,19,RESERVED,"","","","","","",0,"",0,"",0,"",0,"","","",0,"",0,"",0,"",0,"","","",0,"",0,"","","",0,"",0,"","","","",0,0,0,0,"","","",0,"",0,"",0,"",0,""
"",18,18,RX_SINGLE,"","","","","","",0,"",0,"",0,"",0,"","","",0,"",0,"",0,"",0,"","","",0,"",0,"","","",0,"",0,"","","","",0,0,0,0,"","","",0,"",0,"",0,"",0,""
"",17,17,RX_PD_TEST_CLK,"","","","","","",1,"",1,"",1,"",1,"","","",1,"",1,"",1,"",1,"","","",1,"",1,"","","",1,"",1,"","","","",1,1,1,1,"","","",1,"",1,"",1,"",1,""
"",16,16,RX_PD_MIXER,"","","","","","",0,"",0,"",0,"",0,"","","",0,"",0,"",0,"",0,"","","",0,"",0,"","","",0,"",0,"","","","",0,0,0,0,"","","",1,"",1,"",1,"",1,""
"",15,15,RX_PD_ADC_Q,"","","","","","",0,"",0,"",0,"",0,"","","",0,"",0,"",0,"",0,"","","",0,"",0,"","","",0,"",0,"","","","",0,0,0,0,"","","",1,"",1,"",1,"",1,""
"",14,14,RX_PD_ADC_I,"","","","","","",0,"",0,"",0,"",0,"","","",0,"",0,"",0,"",0,"","","",0,"",0,"","","",0,"",0,"","","","",0,0,0,0,"","","",0,"",0,"",0,"",1,""
"",13,13,RX_PD_BBA_BIAS,"","","","","","",0,"",0,"",0,"",0,"","","",0,"",0,"",0,"",0,"","","",0,"",0,"","","",0,"",0,"","","","",0,0,0,0,"","","",0,"",0,"",0,"",0,""
"",12,12,RX_PD_BBA_Q,"","","","","","",0,"",0,"",0,"",0,"","","",0,"",0,"",0,"",0,"","","",0,"",0,"","","",0,"",0,"","","","",0,0,0,0,"","","",1,"",1,"",1,"",1,""
"",11,11,RX_PD_BBA_I,"","","","","","",0,"",0,"",0,"",0,"","","",0,"",0,"",0,"",0,"","","",0,"",0,"","","",0,"",0,"","","","",0,0,0,0,"","","",0,"",0,"",0,"",1,""
"",10,10,RX_PD_VMID,"","","","","","",0,"",0,"",0,"",0,"","","",0,"",0,"",0,"",0,"","","",0,"",0,"","","",0,"",0,"","","","",0,0,0,0,"","","",0,"",0,"",0,"",0,""
"",9,8,RX_VMID_RSEL,"","","","","","",0,"",0,"",0,"",0,"","","",0,"",0,"",0,"",0,"","","",0,"",0,"","","",0,"",0,"","","","",0,0,0,0,"","","",0,"",0,"",0,"",3,""
"",7,7,RX_SHORT_MIX2BBA_ST2,"","","","","","",0,"",0,"",0,"",0,"","","",0,"",0,"",0,"",0,"","","",0,"",0,"","","",0,"",0,"","","","",0,0,0,0,"","","",1,"",1,"",1,"",0,""
"",6,6,RX_SHORT_MIX2ADC,"","","","","","",0,"",0,"",0,"",0,"","","",0,"",0,"",0,"",0,"","","",0,"",0,"","","",0,"",0,"","","","",0,0,0,0,"","","",0,"",0,"",0,"",0,""
"",5,5,RX_OC_ENABLE,"","","","","","",1,"",1,"",1,"",1,"","","",1,"",1,"",1,"",1,"","","",1,"",1,"","","",1,"",1,"","","","",1,1,1,1,"","","",1,"",1,"",1,"",1,""
"",4,4,RX_HP_LOWF,"","","","","","",0,"",0,"",0,"",0,"","","",0,"",0,"",0,"",0,"","","",0,"",0,"","","",0,"",0,"","","","",0,0,0,0,"","","",0,"",0,"",0,"",0,""
"",3,2,RX_HPCF,"","","","","","",3,"",1,"",1,"",0,"","","",2,"",1,"",1,"",2,"","","",0,"",1,"","","",2,"",2,"","","","",3,2,3,0,"","","",0,"",0,"",0,"",0,""
"",1,0,RX_GAIN,"","","","","","",3,"",2,"",2,"",1,"","","",3,"",2,"",2,"",2,"","","",1,"",1,"","","",2,"",2,"","","","",2,2,3,2,"","","",3,"",3,"",3,"",0,""
CLIF_ANA_AGC_REG,"","","","","",2,"","","","","","","","","","","","","","","","","","","","","","","","","","","","","","","","","","","","","","","","","",2,"","","","","","","",2,""
"",31,4,RESERVED,"","",0,"","","","","","","","","","","","","","","","","","","","","","","","","","","","","","","","","","","","","","","","","",0,"","","","","","","",0,""
"",3,3,AGC_TEST_CLOCK_SEL,"","",0,"","","","","","","","","","","","","","","","","","","","","","","","","","","","","","","","","","","","","","","","","",0,"","","","","","","",0,""
"",2,2,AGC_PD,"","",0,"","","","","","","","","","","","","","","","","","","","","","","","","","","","","","","","","","","","","","","","","",0,"","","","","","","",0,""
"",1,0,AGC_VREF_SEL,"","",2,"","","","","","","","","","","","","","","","","","","","","","","","","","","","","","","","","","","","","","","","","",2,"","","","","","","",2,""
CLIF_SIGPRO_RM_CONFIG1_REG,"","","","","","","","","",0440DC,"",01192605,"",01192905,"",010F2505,"","","",011F4615,"",01192805,"",01192A05,"",010F2505,"","","",010F2605,"",010F2605,"","","",0C4010,"",0C4010,"","","","",0C6014,0C8014,0C8094,0C7094,"",010CCC05,"","","","","","","",0C0000,""
"",31,26,RESERVED,"","","","","","",0,"",0,"",0,"",0,"","","",0,"",0,"",0,"",0,"","","",0,"",0,"","","",0,"",0,"","","","",0,0,0,0,"",0,"","","","","","","",0,""
"",24,24,DYNAMIC_BPSK_TH_ENABLE,"","","","","","",0,"",1,"",1,"",1,"","","",1,"",1,"",1,"",1,"","","",1,"",1,"","","",0,"",0,"","","","",0,0,0,0,"",1,"","","","","","","",0,""
"",23,21,BPSK_IQ_MODE,"","","","","","",0,"",0,"",0,"",0,"","","",0,"",0,"",0,"",0,"","","",0,"",0,"","","",0,"",0,"","","","",0,0,0,0,"",0,"","","","","","","",0,""
"",20,20,BPSK_FILT6,"","","","","","",0,"",1,"",1,"",0,"","","",1,"",1,"",1,"",0,"","","",0,"",0,"","","",0,"",0,"","","","",0,0,0,0,"",0,"","","","","","","",0,""
"",19,19,RESYNC_EQ_ON,"","","","","","",0,"",1,"",1,"",1,"","","",1,"",1,"",1,"",1,"","","",1,"",1,"","","",1,"",1,"","","","",1,1,1,1,"",1,"","","","","","","",1,""
"",18,18,CORR_RESET_ON,"","","","","","",1,"",0,"",0,"",1,"","","",1,"",0,"",0,"",1,"","","",1,"",1,"","","",1,"",1,"","","","",1,1,1,1,"",1,"","","","","","","",1,""
"",17,17,VALID_FILT_OFF,"","","","","","",0,"",0,"",0,"",1,"","","",1,"",0,"",0,"",1,"","","",1,"",1,"","","",0,"",0,"","","","",0,0,0,0,"",0,"","","","","","","",0,""
"",16,16,DATA_BEFORE_MIN,"","","","","","",0,"",1,"",1,"",1,"","","",1,"",1,"",1,"",1,"","","",1,"",1,"","","",0,"",0,"","","","",0,0,0,0,"",0,"","","","","","","",0,""
"",15,12,MIN_LEVEL,"","","","","","",4,"",2,"",2,"",2,"","","",4,"",2,"",2,"",2,"","","",2,"",2,"","","",4,"",4,"","","","",6,8,8,7,"",C,"","","","","","","",0,""
"",11,8,MIN_LEVEL_P,"","","","","","",0,"",6,"",9,"",5,"","","",6,"",8,"",A,"",5,"","","",6,"",6,"","","",0,"",0,"","","","",0,0,0,0,"",C,"","","","","","","",0,""
"",7,7,USE_SMALL_EVAL,"","","","","","",1,"",0,"",0,"",0,"","","",0,"",0,"",0,"",0,"","","",0,"",0,"","","",0,"",0,"","","","",0,0,1,1,"",0,"","","","","","","",0,""
"",6,5,COLL_LEVEL,"","","","","","",2,"",0,"",0,"",0,"","","",0,"",0,"",0,"",0,"","","",0,"",0,"","","",0,"",0,"","","","",0,0,0,0,"",0,"","","","","","","",0,""
"",4,4,PRE_FILTER,"","","","","","",1,"",0,"",0,"",0,"","","",1,"",0,"",0,"",0,"","","",0,"",0,"","","",1,"",1,"","","","",1,1,1,1,"",0,"","","","","","","",0,""
"",3,3,RECT_FILTER,"","","","","","",1,"",0,"",0,"",0,"","","",0,"",0,"",0,"",0,"","","",0,"",0,"","","",0,"",0,"","","","",0,0,0,0,"",0,"","","","","","","",0,""
"",2,2,SYNC_HIGH,"","","","","","",1,"",1,"",1,"",1,"","","",1,"",1,"",1,"",1,"","","",1,"",1,"","","",0,"",0,"","","","",1,1,1,1,"",1,"","","","","","","",0,""
"",1,1,FSK,"","","","","","",0,"",0,"",0,"",0,"","","",0,"",0,"",0,"",0,"","","",0,"",0,"","","",0,"",0,"","","","",0,0,0,0,"",0,"","","","","","","",0,""
"",0,0,BPSK,"","","","","","",0,"",1,"",1,"",1,"","","",1,"",1,"",1,"",1,"","","",1,"",1,"","","",0,"",0,"","","","",0,0,0,0,"",1,"","","","","","","",0,""
CLIF_AGC_CONFIG1_REG,"","","","","","","","","",03E40104,"",03E10A04,"",03E10A04,"",03E10A04,"",03E10A04,"","","","","","","","","",03E10A04,"","","","","",03E40104,"","","","","",03E40A04,"","","","","","","","","",0207FF6,"",0207FF6,"",0207FF6,"",010107FF7,""
"",31,31,RESERVED,"","","","","","",0,"",0,"",0,"",0,"",0,"","","","","","","","","",0,"","","","","",0,"","","","","",0,"","","","","","","","","",0,"",0,"",0,"",0,""
"",30,29,AGC_RF_DETECT_SEL,"","","","","","",0,"",0,"",0,"",0,"",0,"","","","","","","","","",0,"","","","","",0,"","","","","",0,"","","","","","","","","",0,"",0,"",0,"",0,""
"",28,28,AGC_FREEZE_TX_SWITCH_VALUE,"","","","","","",0,"",0,"",0,"",0,"",0,"","","","","","","","","",0,"","","","","",0,"","","","","",0,"","","","","","","","","",0,"",0,"",0,"",1,""
"",27,27,AGC_MAX_TXRFOFF_ENABLE,"","","","","","",0,"",0,"",0,"",0,"",0,"","","","","","","","","",0,"","","","","",0,"","","","","",0,"","","","","","","","","",0,"",0,"",0,"",0,""
"",26,21,AGC_MASK_DURATION,"","","","","","",1F,"",1F,"",1F,"",1F,"",1F,"","","","","","","","","",1F,"","","","","",1F,"","","","","",1F,"","","","","","","","","",1,"",1,"",1,"",0,""
"",20,20,AGC_FREEZE_RESET_ON_RF_OFF,"","","","","","",0,"",0,"",0,"",0,"",0,"","","","","","","","","",0,"","","","","",0,"","","","","",0,"","","","","","","","","",0,"",0,"",0,"",1,""
"",19,19,AGC_FREEZE_ON_MILLER_BG,"","","","","","",0,"",0,"",0,"",0,"",0,"","","","","","","","","",0,"","","","","",0,"","","","","",0,"","","","","","","","","",0,"",0,"",0,"",0,""
"",18,18,AGC_FREEZE_ON_SOF_DETECTED,"","","","","","",1,"",0,"",0,"",0,"",0,"","","","","","","","","",0,"","","","","",1,"","","","","",1,"","","","","","","","","",0,"",0,"",0,"",0,""
"",17,17,AGC_FREEZE_ON_DPRESENT,"","","","","","",0,"",0,"",0,"",0,"",0,"","","","","","","","","",0,"","","","","",0,"","","","","",0,"","","","","","","","","",0,"",0,"",0,"",0,""
"",16,16,AGC_FREEZE_ON_DPRESENT_NEXT,"","","","","","",0,"",1,"",1,"",1,"",1,"","","","","","","","","",1,"","","","","",0,"","","","","",0,"","","","","","","","","",0,"",0,"",0,"",0,""
"",15,15,AGC_FREEZE_ON_RXWAIT_OFF,"","","","","","",0,"",0,"",0,"",0,"",0,"","","","","","","","","",0,"","","","","",0,"","","","","",0,"","","","","","","","","",0,"",0,"",0,"",0,""
"",14,5,AGC_FAST_MODE_DURATION,"","","","","","",8,"",50,"",50,"",50,"",50,"","","","","","","","","",50,"","","","","",8,"","","","","",50,"","","","","","","","","",3FF,"",3FF,"",3FF,"",3FF,""
"",4,4,AGC_FAST_MODE_RFON_EXT,"","","","","","",0,"",0,"",0,"",0,"",0,"","","","","","","","","",0,"","","","","",0,"","","","","",0,"","","","","","","","","",1,"",1,"",1,"",1,""
"",3,3,AGC_FAST_MODE_TX_OVER,"","","","","","",0,"",0,"",0,"",0,"",0,"","","","","","","","","",0,"","","","","",0,"","","","","",0,"","","","","","","","","",0,"",0,"",0,"",0,""
"",2,1,AGC_FAST_MODE_STEP,"","","","","","",2,"",2,"",2,"",2,"",2,"","","","","","","","","",2,"","","","","",2,"","","","","",2,"","","","","","","","","",3,"",3,"",3,"",3,""
"",0,0,AGC_FAST_MODE_ENABLE,"","","","","","",0,"",0,"",0,"",0,"",0,"","","","","","","","","",0,"","","","","",0,"","","","","",0,"","","","","","","","","",0,"",0,"",0,"",1,""
CLIF_AGC_CONFIG0_REG,"","","","","","","","","",007001008B,"",040C0B,"",040C0B,"",040C0B,"",040C0B,"","","","","","","","","",040C0B,"","","","","",007000008B,"","","","","",0C0B,"","","","","","","","","",04400B,"",04400B,"",04400B,"",04007,""
"",31,31,AGC_TESTMODE_ENABLE,"","","","","","",0,"",0,"",0,"",0,"",0,"","","","","","","","","",0,"","","","","",0,"","","","","",0,"","","","","","","","","",0,"",0,"",0,"",0,""
"",30,24,MILLER_BG_FREEZE_VALUE,"","","","","","",70,"",0,"",0,"",0,"",0,"","","","","","","","","",0,"","","","","",70,"","","","","",0,"","","","","","","","","",0,"",0,"",0,"",0,""
"",23,15,AGC_THRESHOLD,"","","","","","",2,"",8,"",8,"",8,"",8,"","","","","","","","","",8,"","","","","",0,"","","","","",0,"","","","","","","","","",8,"",8,"",8,"",0,""
"",14,5,AGC_TIME_CONSTANT,"","","","","","",4,"",60,"",60,"",60,"",60,"","","","","","","","","",60,"","","","","",4,"","","","","",60,"","","","","","","","","",200,"",200,"",200,"",200,""
"",4,4,AGC_SYNC_COMP_DISABLE,"","","","","","",0,"",0,"",0,"",0,"",0,"","","","","","","","","",0,"","","","","",0,"","","","","",0,"","","","","","","","","",0,"",0,"",0,"",0,""
"",3,3,AGC_INPUT_SEL,"","","","","","",1,"",1,"",1,"",1,"",1,"","","","","","","","","",1,"","","","","",1,"","","","","",1,"","","","","","","","","",1,"",1,"",1,"",0,""
"",2,2,AGC_LOAD,"","","","","","",0,"",0,"",0,"",0,"",0,"","","","","","","","","",0,"","","","","",0,"","","","","",0,"","","","","","","","","",0,"",0,"",0,"",1,""
"",1,1,AGC_MODE_SEL,"","","","","","",1,"",1,"",1,"",1,"",1,"","","","","","","","","",1,"","","","","",1,"","","","","",1,"","","","","","","","","",1,"",1,"",1,"",1,""
"",0,0,AGC_MODE_ENABLE,"","","","","","",1,"",1,"",1,"",1,"",1,"","","","","","","","","",1,"","","","","",1,"","","","","",1,"","","","","","","","","",1,"",1,"",1,"",1,""
CLIF_AGC_INPUT_REG,"","","","","",020001F0,"","","","","","","","","","","","","","","","","","","","","","","","","","","","","","","","","","","","","","","","","",03000150,"","","","","","","",03000150,""
"",31,26,RESERVED,"","",0,"","","","","","","","","","","","","","","","","","","","","","","","","","","","","","","","","","","","","","","","","",0,"","","","","","","",0,""
"",25,16,AGC_RM_VALUE,"","",200,"","","","","","","","","","","","","","","","","","","","","","","","","","","","","","","","","","","","","","","","","",300,"","","","","","","",300,""
"",15,10,RESERVED,"","",0,"","","","","","","","","","","","","","","","","","","","","","","","","","","","","","","","","","","","","","","","","",0,"","","","","","","",0,""
"",9,0,AGC_CM_VALUE,"","",1F0,"","","","","","","","","","","","","","","","","","","","","","","","","","","","","","","","","","","","","","","","","",150,"","","","","","","",150,""
CLIF_ANA_CM_CONFIG_REG,"","","","","","","","","","","","","","","","","","","","","","","","","","","","","","","","","","","","","","","","","","","","","","","",14080,"","","","","","","",0C080,""
"",31,17,RESERVED,"","","","","","","","","","","","","","","","","","","","","","","","","","","","","","","","","","","","","","","","","","","","",0,"","","","","","","",0,""
"",16,16,CM_PD_RSSI,"","","","","","","","","","","","","","","","","","","","","","","","","","","","","","","","","","","","","","","","","","","","",1,"","","","","","","",0,""
"",15,15,CM_PD_MILLER,"","","","","","","","","","","","","","","","","","","","","","","","","","","","","","","","","","","","","","","","","","","","",0,"","","","","","","",1,""
"",14,14,CM_MILLER_EN_LOCK,"","","","","","","","","","","","","","","","","","","","","","","","","","","","","","","","","","","","","","","","","","","","",1,"","","","","","","",1,""
"",13,12,CM_MILLER_SENS,"","","","","","","","","","","","","","","","","","","","","","","","","","","","","","","","","","","","","","","","","","","","",0,"","","","","","","",0,""
"",11,10,CM_MILLER_TAU,"","","","","","","","","","","","","","","","","","","","","","","","","","","","","","","","","","","","","","","","","","","","",0,"","","","","","","",0,""
"",9,9,CM_PD_MIXER_I,"","","","","","","","","","","","","","","","","","","","","","","","","","","","","","","","","","","","","","","","","","","","",0,"","","","","","","",0,""
"",8,8,CM_PD_MIXER_Q,"","","","","","","","","","","","","","","","","","","","","","","","","","","","","","","","","","","","","","","","","","","","",0,"","","","","","","",0,""
"",7,7,CM_MIXER_ENABLE_PULLDOWN,"","","","","","","","","","","","","","","","","","","","","","","","","","","","","","","","","","","","","","","","","","","","",1,"","","","","","","",1,""
"",6,6,CM_ATTEN_ALWAYS_ON,"","","","","","","","","","","","","","","","","","","","","","","","","","","","","","","","","","","","","","","","","","","","",0,"","","","","","","",0,""
"",5,5,CM_PD_CLKREC,"","","","","","","","","","","","","","","","","","","","","","","","","","","","","","","","","","","","","","","","","","","","",0,"","","","","","","",0,""
"",4,4,CM_PD_DLL,"","","","","","","","","","","","","","","","","","","","","","","","","","","","","","","","","","","","","","","","","","","","",0,"","","","","","","",0,""
"",3,3,CM_PD_DLL_CP,"","","","","","","","","","","","","","","","","","","","","","","","","","","","","","","","","","","","","","","","","","","","",0,"","","","","","","",0,""
"",2,2,CM_CLK_REC_DIFF,"","","","","","","","","","","","","","","","","","","","","","","","","","","","","","","","","","","","","","","","","","","","",0,"","","","","","","",0,""
"",1,0,CM_DLL_COARSE,"","","","","","","","","","","","","","","","","","","","","","","","","","","","","","","","","","","","","","","","","","","","",0,"","","","","","","",0,""
CLIF_ANA_TEST_REG,"","","","","","","","","","","","","","","","","","","","","","","","","","","","","","","","","","","","","","","","","","","","","","","","","","","","","","","",050004A,""
"",31,27,RESERVED,"","","","","","","","","","","","","","","","","","","","","","","","","","","","","","","","","","","","","","","","","","","","","","","","","","","","",0,""
"",26,26,TX_ TESTMODE_ENABLE,"","","","","","","","","","","","","","","","","","","","","","","","","","","","","","","","","","","","","","","","","","","","","","","","","","","","",0,""
"",25,25,TXPROT_TYPE_B_DEMOD_DYN_ENABLE,"","","","","","","","","","","","","","","","","","","","","","","","","","","","","","","","","","","","","","","","","","","","","","","","","","","","",0,""
"",24,24,TX_PD_CLK_GEN_OVERRIDE,"","","","","","","","","","","","","","","","","","","","","","","","","","","","","","","","","","","","","","","","","","","","","","","","","","","","",0,""
"",23,23,PBF_PD_CM_OVERRIDE,"","","","","","","","","","","","","","","","","","","","","","","","","","","","","","","","","","","","","","","","","","","","","","","","","","","","",0,""
"",22,19,TX_SET_ILOAD,"","","","","","","","","","","","","","","","","","","","","","","","","","","","","","","","","","","","","","","","","","","","","","","","","","","","",A,""
"",18,13,TX_CLOCK_DUTY_SET_N,"","","","","","","","","","","","","","","","","","","","","","","","","","","","","","","","","","","","","","","","","","","","","","","","","","","","",0,""
"",12,7,TX_CLOCK_DUTY_SET_P,"","","","","","","","","","","","","","","","","","","","","","","","","","","","","","","","","","","","","","","","","","","","","","","","","","","","",0,""
"",6,6,TX_CLOCK_DUTY_SET_PD,"","","","","","","","","","","","","","","","","","","","","","","","","","","","","","","","","","","","","","","","","","","","","","","","","","","","",1,""
"",5,5,RESERVED,"","","","","","","","","","","","","","","","","","","","","","","","","","","","","","","","","","","","","","","","","","","","","","","","","","","","",0,""
"",4,1,TX_SET_IBOOST,"","","","","","","","","","","","","","","","","","","","","","","","","","","","","","","","","","","","","","","","","","","","","","","","","","","","",5,""
"",0,0,TX_CW_AMP_REF2TVDD,"","","","","","","","","","","","","","","","","","","","","","","","","","","","","","","","","","","","","","","","","","","","","","","","","","","","",0,""
CLIF_ANA_NFCLD_REG,"","","","","","","","","","","","","","","","","","","","","","","","","","","","","","","","","","","","","","","","","","","","","","","","","","","","","","","",1C,""
"",31,9,RESERVED,"","","","","","","","","","","","","","","","","","","","","","","","","","","","","","","","","","","","","","","","","","","","","","","","","","","","",0,""
"",8,8,CM_PD_NFC_DET,"","","","","","","","","","","","","","","","","","","","","","","","","","","","","","","","","","","","","","","","","","","","","","","","","","","","",0,""
"",7,6,RESERVED,"","","","","","","","","","","","","","","","","","","","","","","","","","","","","","","","","","","","","","","","","","","","","","","","","","","","",0,""
"",5,0,CM_RF_NFC,"","","","","","","","","","","","","","","","","","","","","","","","","","","","","","","","","","","","","","","","","","","","","","","","","","","","",1C,""
CLIF_SIGPRO_CM_CONFIG_REG,"","","","","","","","","","","","","","","","","","","","","","","","","","","","","","","","","","","","","","","","","","","","","","","","","",104,"",06206,"",06206,"",4,""
"",31,13,RESERVED,"","","","","","","","","","","","","","","","","","","","","","","","","","","","","","","","","","","","","","","","","","","","","","",0,"",0,"",0,"",0,""
"",14,14,MANCHESTER_BITDETECT_ENABLE,"","","","","","","","","","","","","","","","","","","","","","","","","","","","","","","","","","","","","","","","","","","","","","",0,"",1,"",1,"",0,""
"",13,13,MANCHESTER_LOCK_ENABLE,"","","","","","","","","","","","","","","","","","","","","","","","","","","","","","","","","","","","","","","","","","","","","","",0,"",1,"",1,"",0,""
"",12,12,ADV_MILLER_USE_RFCOUNTER,"","","","","","","","","","","","","","","","","","","","","","","","","","","","","","","","","","","","","","","","","","","","","","",0,"",0,"",0,"",0,""
"",11,11,ADV_MILLER_FILTER_ENABLE,"","","","","","","","","","","","","","","","","","","","","","","","","","","","","","","","","","","","","","","","","","","","","","",0,"",0,"",0,"",0,""
"",10,10,NRZ_DEC_ENABLE,"","","","","","","","","","","","","","","","","","","","","","","","","","","","","","","","","","","","","","","","","","","","","","",0,"",0,"",0,"",0,""
"",9,9,MANCHESTER_DEC_ENABLE,"","","","","","","","","","","","","","","","","","","","","","","","","","","","","","","","","","","","","","","","","","","","","","",0,"",1,"",1,"",0,""
"",8,8,MILLER_DEC_ENABLE,"","","","","","","","","","","","","","","","","","","","","","","","","","","","","","","","","","","","","","","","","","","","","","",1,"",0,"",0,"",0,""
"",7,7,ADV_MILLER_CALIB_OFF,"","","","","","","","","","","","","","","","","","","","","","","","","","","","","","","","","","","","","","","","","","","","","","",0,"",0,"",0,"",0,""
"",6,6,ADV_MILLER_EDGE_SEL,"","","","","","","","","","","","","","","","","","","","","","","","","","","","","","","","","","","","","","","","","","","","","","",0,"",0,"",0,"",0,""
"",5,5,CM_EGT_CHECK,"","","","","","","","","","","","","","","","","","","","","","","","","","","","","","","","","","","","","","","","","","","","","","",0,"",0,"",0,"",0,""
"",4,3,TAU,"","","","","","","","","","","","","","","","","","","","","","","","","","","","","","","","","","","","","","","","","","","","","","",0,"",0,"",0,"",0,""
"",2,2,MODE_DETECTOR_OFF,"","","","","","","","","","","","","","","","","","","","","","","","","","","","","","","","","","","","","","","","","","","","","","",1,"",1,"",1,"",1,""
"",1,0,RX_FRAMING,"","","","","","","","","","","","","","","","","","","","","","","","","","","","","","","","","","","","","","","","","","","","","","",0,"",2,"",2,"",0,""
CLIF_SIGPRO_ADCBCM_THRESHOLD_REG,"","","","","","","","","","","","","","","","","","","","","","","","","","","","","","","","","","","","","","","","","","","","","","","","","","","",080060,"",080060,"",0,""
"",31,29,RESERVED,"","","","","","","","","","","","","","","","","","","","","","","","","","","","","","","","","","","","","","","","","","","","","","","","",0,"",0,"",0,""
"",28,16,EDGE_DETECT_TH,"","","","","","","","","","","","","","","","","","","","","","","","","","","","","","","","","","","","","","","","","","","","","","","","",8,"",8,"",0,""
"",15,13,RESERVED,"","","","","","","","","","","","","","","","","","","","","","","","","","","","","","","","","","","","","","","","","","","","","","","","",0,"",0,"",0,""
"",12,0,BIT_DETECT_TH,"","","","","","","","","","","","","","","","","","","","","","","","","","","","","","","","","","","","","","","","","","","","","","","","",60,"",60,"",0,""
CLIF_SIGPRO_ADCBCM_CONFIG_REG,"","","","","","","","","","","","","","","","","","","","","","","","","","","","","","","","","","","","","","","","","","","","","","","","","","","",00F805D05,"",00F805D09,"",01000000,""
"",31,30,SYNC_MODE_SEL,"","","","","","","","","","","","","","","","","","","","","","","","","","","","","","","","","","","","","","","","","","","","","","","","",0,"",0,"",0,""
"",29,24,EPSILON_TH,"","","","","","","","","","","","","","","","","","","","","","","","","","","","","","","","","","","","","","","","","","","","","","","","",F,"",F,"",1,""
"",23,16,WATCH_DOG_VAL,"","","","","","","","","","","","","","","","","","","","","","","","","","","","","","","","","","","","","","","","","","","","","","","","",80,"",80,"",0,""
"",15,14,BIT_DETECT_DYN_MODE,"","","","","","","","","","","","","","","","","","","","","","","","","","","","","","","","","","","","","","","","","","","","","","","","",1,"",1,"",0,""
"",13,12,EDGE_DETECT_DYN_MODE,"","","","","","","","","","","","","","","","","","","","","","","","","","","","","","","","","","","","","","","","","","","","","","","","",1,"",1,"",0,""
"",11,10,WATCH_DOG_MODE,"","","","","","","","","","","","","","","","","","","","","","","","","","","","","","","","","","","","","","","","","","","","","","","","",3,"",3,"",0,""
"",9,9,SYNC_MODE_ENABLE,"","","","","","","","","","","","","","","","","","","","","","","","","","","","","","","","","","","","","","","","","","","","","","","","",0,"",0,"",0,""
"",8,5,EDGE_DETECT_TAP_SEL,"","","","","","","","","","","","","","","","","","","","","","","","","","","","","","","","","","","","","","","","","","","","","","","","",8,"",8,"",0,""
"",4,4,ADCBCM_ENABLE_848,"","","","","","","","","","","","","","","","","","","","","","","","","","","","","","","","","","","","","","","","","","","","","","","","",0,"",0,"",0,""
"",3,3,ADCBCM_ENABLE_424,"","","","","","","","","","","","","","","","","","","","","","","","","","","","","","","","","","","","","","","","","","","","","","","","",0,"",1,"",0,""
"",2,2,ADCBCM_ENABLE_212,"","","","","","","","","","","","","","","","","","","","","","","","","","","","","","","","","","","","","","","","","","","","","","","","",1,"",0,"",0,""
"",1,1,ADCBCM_ENABLE_106,"","","","","","","","","","","","","","","","","","","","","","","","","","","","","","","","","","","","","","","","","","","","","","","","",0,"",0,"",0,""
"",0,0,ADCBCM_ENABLE,"","","","","","","","","","","","","","","","","","","","","","","","","","","","","","","","","","","","","","","","","","","","","","","","",1,"",1,"",0,""
CLIF_RX_CONFIG_REG,"","","","","","","","","",3,"",23,"",23,"",23,"",54,"","","","","","","","","",38,"","","","","",1D10,"","","","","","","","","","","","","","","",113,"",38,"",38,"",2,""
"",31,31,RX_PARITY_EMD_ON_SOVER,"","","","","","",0,"",0,"",0,"",0,"",0,"","","","","","","","","",0,"","","","","",0,"","","","","","","","","","","","","","","",0,"",0,"",0,"",0,""
"",30,30,RX_MISSING_PARITY_IS_EMD,"","","","","","",0,"",0,"",0,"",0,"",0,"","","","","","","","","",0,"","","","","",0,"","","","","","","","","","","","","","","",0,"",0,"",0,"",0,""
"",29,29,RX_ADVANCED_EMD_ENABLE,"","","","","","",0,"",0,"",0,"",0,"",0,"","","","","","","","","",0,"","","","","",0,"","","","","","","","","","","","","","","",0,"",0,"",0,"",0,""
"",28,28,RX_PARITY_ERROR_IS_EMD,"","","","","","",0,"",0,"",0,"",0,"",0,"","","","","","","","","",0,"","","","","",0,"","","","","","","","","","","","","","","",0,"",0,"",0,"",0,""
"",27,25,RX_EMD_SUP,"","","","","","",0,"",0,"",0,"",0,"",0,"","","","","","","","","",0,"","","","","",0,"","","","","","","","","","","","","","","",0,"",0,"",0,"",0,""
"",24,24,RX_COLL_IS_DATA_ERROR,"","","","","","",0,"",0,"",0,"",0,"",0,"","","","","","","","","",0,"","","","","",0,"","","","","","","","","","","","","","","",0,"",0,"",0,"",0,""
"",23,23,VALUES_AFTER_COLLISION,"","","","","","",0,"",0,"",0,"",0,"",0,"","","","","","","","","",0,"","","","","",0,"","","","","","","","","","","","","","","",0,"",0,"",0,"",0,""
"",22,22,RX_CRC_ALLOW_BITS,"","","","","","",0,"",0,"",0,"",0,"",0,"","","","","","","","","",0,"","","","","",0,"","","","","","","","","","","","","","","",0,"",0,"",0,"",0,""
"",21,21,RX_FORCE_CRC_WRITE,"","","","","","",0,"",0,"",0,"",0,"",0,"","","","","","","","","",0,"","","","","",0,"","","","","","","","","","","","","","","",0,"",0,"",0,"",0,""
"",20,20,RESERVED,"","","","","","",0,"",0,"",0,"",0,"",0,"","","","","","","","","",0,"","","","","",0,"","","","","","","","","","","","","","","",0,"",0,"",0,"",0,""
"",19,19,RX_PARITY_ERR_8BITS_ENABLE,"","","","","","",0,"",0,"",0,"",0,"",0,"","","","","","","","","",0,"","","","","",0,"","","","","","","","","","","","","","","",0,"",0,"",0,"",0,""
"",18,16,RX_BIT_ALIGN,"","","","","","",0,"",0,"",0,"",0,"",0,"","","","","","","","","",0,"","","","","",0,"","","","","","","","","","","","","","","",0,"",0,"",0,"",0,""
"",15,8,RX_EOF_SYMBOL,"","","","","","",0,"",0,"",0,"",0,"",0,"","","","","","","","","",0,"","","","","",1D,"","","","","","","","","","","","","","","",1,"",0,"",0,"",0,""
"",7,7,RESERVED,"","","","","","",0,"",0,"",0,"",0,"",0,"","","","","","","","","",0,"","","","","",0,"","","","","","","","","","","","","","","",0,"",0,"",0,"",0,""
"",6,6,RX_EOF_TYPE,"","","","","","",0,"",0,"",0,"",0,"",1,"","","","","","","","","",0,"","","","","",0,"","","","","","","","","","","","","","","",0,"",0,"",0,"",0,""
"",5,4,RX_STOP_CONDITION,"","","","","","",0,"",2,"",2,"",2,"",1,"","","","","","","","","",3,"","","","","",1,"","","","","","","","","","","","","","","",1,"",3,"",3,"",0,""
"",3,3,RX_MSB_FIRST,"","","","","","",0,"",0,"",0,"",0,"",0,"","","","","","","","","",1,"","","","","",0,"","","","","","","","","","","","","","","",0,"",1,"",1,"",0,""
"",2,2,RX_STOPBIT_ENABLE,"","","","","","",0,"",0,"",0,"",0,"",1,"","","","","","","","","",0,"","","","","",0,"","","","","","","","","","","","","","","",0,"",0,"",0,"",0,""
"",1,1,RX_PARITY_TYPE,"","","","","","",1,"",1,"",1,"",1,"",0,"","","","","","","","","",0,"","","","","",0,"","","","","","","","","","","","","","","",1,"",0,"",0,"",1,""
"",0,0,RX_PARITY_ENABLE,"","","","","","",1,"",1,"",1,"",1,"",0,"","","","","","","","","",0,"","","","","",0,"","","","","","","","","","","","","","","",1,"",0,"",0,"",0,""
CLIF_BBA_CONTROL_REG,"","","","","","","","","","","","","","","","","","","","","","","","","","","","","","","","","","","","","","","","","","","","","","","",0,"","","","","","","",0,""
"",31,11,RESERVED,"","","","","","","","","","","","","","","","","","","","","","","","","","","","","","","","","","","","","","","","","","","","",0,"","","","","","","",0,""
"",10,9,CM_BBA_CTRL_FREEZE_MODE,"","","","","","","","","","","","","","","","","","","","","","","","","","","","","","","","","","","","","","","","","","","","",0,"","","","","","","",0,""
"",8,8,CM_BBA_CTRL_WATCH_DOG_ENABLE,"","","","","","","","","","","","","","","","","","","","","","","","","","","","","","","","","","","","","","","","","","","","",0,"","","","","","","",0,""
"",7,7,CM_BBA_CTRL_HYST2_DOWN,"","","","","","","","","","","","","","","","","","","","","","","","","","","","","","","","","","","","","","","","","","","","",0,"","","","","","","",0,""
"",6,5,CM_BBA_CTRL_HYST2_UP,"","","","","","","","","","","","","","","","","","","","","","","","","","","","","","","","","","","","","","","","","","","","",0,"","","","","","","",0,""
"",4,4,CM_BBA_CTRL_HYST1_DOWN,"","","","","","","","","","","","","","","","","","","","","","","","","","","","","","","","","","","","","","","","","","","","",0,"","","","","","","",0,""
"",3,1,CM_BBA_CTRL_HYST1_UP,"","","","","","","","","","","","","","","","","","","","","","","","","","","","","","","","","","","","","","","","","","","","",0,"","","","","","","",0,""
"",0,0,CM_BBA_CTRL_ENABLE,"","","","","","","","","","","","","","","","","","","","","","","","","","","","","","","","","","","","","","","","","","","","",0,"","","","","","","",0,""
CLIF_TRANSCEIVE_CONTROL_REG,"","","","","","",05041,"","","","","","","","","","","","","","","","","","","","","","","","","","","","","","","","","","","","","","","","","",035003,"",030001,"",030001,"",0,"",""
"",31,30,RESERVED,"","","",0,"","","","","","","","","","","","","","","","","","","","","","","","","","","","","","","","","","","","","","","","","",0,"",0,"",0,"",0,"",""
"",29,24,STATE_TRIGGER_SELECT,"","","",0,"","","","","","","","","","","","","","","","","","","","","","","","","","","","","","","","","","","","","","","","","",0,"",0,"",0,"",0,"",""
"",23,18,RESERVED,"","","",0,"","","","","","","","","","","","","","","","","","","","","","","","","","","","","","","","","","","","","","","","","",0,"",0,"",0,"",0,"",""
"",17,17,TX_WAIT_RFON_ENABLE,"","","",0,"","","","","","","","","","","","","","","","","","","","","","","","","","","","","","","","","","","","","","","","","",1,"",1,"",1,"",0,"",""
"",16,16,RX_WAIT_RFON_ENABLE,"","","",0,"","","","","","","","","","","","","","","","","","","","","","","","","","","","","","","","","","","","","","","","","",1,"",1,"",1,"",0,"",""
"",15,8,TX_BITPHASE,"","","",50,"","","","","","","","","","","","","","","","","","","","","","","","","","","","","","","","","","","","","","","","","",50,"",0,"",0,"",0,"",""
"",7,7,RESERVED,"","","",0,"","","","","","","","","","","","","","","","","","","","","","","","","","","","","","","","","","","","","","","","","",0,"",0,"",0,"",0,"",""
"",6,6,TX_MILLER_SYNC_ENABLE,"","","",1,"","","","","","","","","","","","","","","","","","","","","","","","","","","","","","","","","","","","","","","","","",0,"",0,"",0,"",0,"",""
"",5,5,TX_SKIP_SEND_ENABLE,"","","",0,"","","","","","","","","","","","","","","","","","","","","","","","","","","","","","","","","","","","","","","","","",0,"",0,"",0,"",0,"",""
"",4,4,TX_PICC2_TIMESLOT_ENABLE,"","","",0,"","","","","","","","","","","","","","","","","","","","","","","","","","","","","","","","","","","","","","","","","",0,"",0,"",0,"",0,"",""
"",3,3,TX_FRAMESTEP_ENABLE,"","","",0,"","","","","","","","","","","","","","","","","","","","","","","","","","","","","","","","","","","","","","","","","",0,"",0,"",0,"",0,"",""
"",2,2,RX_MULTIPLE_ENABLE,"","","",0,"","","","","","","","","","","","","","","","","","","","","","","","","","","","","","","","","","","","","","","","","",0,"",0,"",0,"",0,"",""
"",1,1,MILLER_SYNC_ENABLE,"","","",0,"","","","","","","","","","","","","","","","","","","","","","","","","","","","","","","","","","","","","","","","","",1,"",0,"",0,"",0,"",""
"",0,0,INITIATOR,"","","",1,"","","","","","","","","","","","","","","","","","","","","","","","","","","","","","","","","","","","","","","","","",1,"",1,"",1,"",0,"",""
CLIF_ANA_PBF_CONTROL_REG,"","","","",0A0,"","","","","","","","","","","","","","","","","","","","","","","","","","","","","","","","","","","","","","","","","",0A0,"","","","","","","",0A0,"",""
"",31,11,RESERVED,"",0,"","","","","","","","","","","",0,"","","","","","","","","","","","","","","","","","","","","","","","","","","","","",0,"","","","","","","",0,"",""
"",10,10,PBF_INVERT_ON_TXACTIVE,"",0,"","","","","","","","","","","",0,"","","","","","","","","","","","","","","","","","","","","","","","","","","","","",0,"","","","","","","",0,"",""
"",9,9,PBF_ALM_AUTO_SWITCH_ENABLE,"",0,"","","","","","","","","","","",0,"","","","","","","","","","","","","","","","","","","","","","","","","","","","","",0,"","","","","","","",0,"",""
"",8,8,PBF_ALM_FW_RESET,"",0,"","","","","","","","","","","",0,"","","","","","","","","","","","","","","","","","","","","","","","","","","","","",0,"","","","","","","",0,"",""
"",7,7,PBF_SHORT_SELECT_RM,"",1,"","","","","","","","","","","",1,"","","","","","","","","","","","","","","","","","","","","","","","","","","","","",1,"","","","","","","",1,"",""
"",6,6,PBF_PD_REG,"",0,"","","","","","","","","","","",0,"","","","","","","","","","","","","","","","","","","","","","","","","","","","","",0,"","","","","","","",0,"",""
"",5,5,PBF_EN_LIMVDHF,"",1,"","","","","","","","","","","",1,"","","","","","","","","","","","","","","","","","","","","","","","","","","","","",1,"","","","","","","",1,"",""
"",4,4,RESERVED,"",0,"","","","","","","","","","","",0,"","","","","","","","","","","","","","","","","","","","","","","","","","","","","",0,"","","","","","","",0,"",""
"",3,2,PBF_SHORT_SELECT,"",0,"","","","","","","","","","","",0,"","","","","","","","","","","","","","","","","","","","","","","","","","","","","",0,"","","","","","","",0,"",""
"",1,0,PBF_MOD_SELECT,"",0,"","","","","","","","","","","",0,"","","","","","","","","","","","","","","","","","","","","","","","","","","","","",0,"","","","","","","",0,"",""
CLIF_ANA_TX_AMPLITUDE_REG,"","","","","","","","",00FFFF50F4,"",00FFFF50F4,"",00FFFF50F4,"",00FFFF507C,"","","",00FFFF5094,"",00FFFF5074,"",00FFFF5074,"",00FFFF506C,"","","",00FFFF507C,"",00FFFF507C,"","","",00FFFF50F4,"",00FFFF5090,"","","",00FFFFF094,00FFFFF08C,"","","","","","",00FFFF50F4,"",00FFFF507C,"",00FFFF507C,"",00FFFF0003,"",""
"",31,28,TX_GSN_CW_RM,"","","","","",F,"",F,"",F,"",F,"","","",F,"",F,"",F,"",F,"","","",F,"",F,"","","",F,"",F,"","","",F,F,"","","","","","",F,"",F,"",F,"",F,"",""
"",27,24,TX_GSN_CW_CM,"","","","","",F,"",F,"",F,"",F,"","","",F,"",F,"",F,"",F,"","","",F,"",F,"","","",F,"",F,"","","",F,F,"","","","","","",F,"",F,"",F,"",F,"",""
"",23,20,TX_GSN_MOD_RM,"","","","","",F,"",F,"",F,"",F,"","","",F,"",F,"",F,"",F,"","","",F,"",F,"","","",F,"",F,"","","",F,F,"","","","","","",F,"",F,"",F,"",F,"",""
"",19,16,TX_GSN_MOD_CM,"","","","","",F,"",F,"",F,"",F,"","","",F,"",F,"",F,"",F,"","","",F,"",F,"","","",F,"",F,"","","",F,F,"","","","","","",F,"",F,"",F,"",F,"",""
"",15,15,RESERVED,"","","","","",0,"",0,"",0,"",0,"","","",0,"",0,"",0,"",0,"","","",0,"",0,"","","",0,"",0,"","","",1,1,"","","","","","",0,"",0,"",0,"",0,"",""
"",14,14,TX_ASKMODE_SELECT,"","","","","",1,"",1,"",1,"",1,"","","",1,"",1,"",1,"",1,"","","",1,"",1,"","","",1,"",1,"","","",1,1,"","","","","","",1,"",1,"",1,"",0,"",""
"",13,12,TX_CW_AMPLITUDE_RM,"","","","","",1,"",1,"",1,"",1,"","","",1,"",1,"",1,"",1,"","","",1,"",1,"","","",1,"",1,"","","",3,3,"","","","","","",1,"",1,"",1,"",0,"",""
"",11,10,RESERVED,"","","","","",0,"",0,"",0,"",0,"","","",0,"",0,"",0,"",0,"","","",0,"",0,"","","",0,"",0,"","","",0,0,"","","","","","",0,"",0,"",0,"",0,"",""
"",9,8,TX_CW_AMPLITUDE_ALM_CM,"","","","","",0,"",0,"",0,"",0,"","","",0,"",0,"",0,"",0,"","","",0,"",0,"","","",0,"",0,"","","",0,0,"","","","","","",0,"",0,"",0,"",0,"",""
"",7,3,TX_RESIDUAL_CARRIER,"","","","","",1E,"",1E,"",1E,"",F,"","","",12,"",E,"",0E,"",0D,"","","",F,"",F,"","","",1E,"",12,"","","",12,11,"","","","","","",1E,"",0F,"",0F,"",0,"",""
"",2,2,TX_CW_TO_MAX_RM,"","","","","",1,"",1,"",1,"",1,"","","",1,"",1,"",1,"",1,"","","",1,"",1,"","","",1,"",0,"","","",1,1,"","","","","","",1,"",1,"",1,"",0,"",""
"",1,1,TX_CW_TO_MAX_ALM_CM,"","","","","",0,"",0,"",0,"",0,"","","",0,"",0,"",0,"",0,"","","",0,"",0,"","","",0,"",0,"","","",0,0,"","","","","","",0,"",0,"",0,"",1,"",""
"",0,0,TX_PD,"","","","","",0,"",0,"",0,"",0,"","","",0,"",0,"",0,"",0,"","","",0,"",0,"","","",0,"",0,"","","",0,0,"","","","","","",0,"",0,"",0,"",1,"",""
CLIF_ANA_TX_CLK_CONTROL_REG,"","","","","","","","",0783,"",083,"",083,"",083,"","","",08F,"",08F,"",078F,"",078F,"",08F,"","","","","","","",0783,"",08F,"","","",08F,08F,"","","","","","",0783,"",08F,"",08F,"",083,"",""
"",31,11,RESERVED,"","","","","",0,"",0,"",0,"",0,"","","",0,"",0,"",0,"",0,"",0,"","","","","","","",0,"",0,"","","",0,0,"","","","","","",0,"",0,"",0,"",0,"",""
"",10,8,TX_CLK_MODE_OVUN_PREV,"","","","","",7,"",0,"",0,"",0,"","","",0,"",0,"",7,"",7,"",0,"","","","","","","",7,"",0,"","","",0,0,"","","","","","",7,"",0,"",0,"",0,"",""
"",7,7,TX2_INV_RM,"","","","","",1,"",1,"",1,"",1,"","","",1,"",1,"",1,"",1,"",1,"","","","","","","",1,"",1,"","","",1,1,"","","","","","",1,"",1,"",1,"",1,"",""
"",6,6,TX2_INV_CM,"","","","","",0,"",0,"",0,"",0,"","","",0,"",0,"",0,"",0,"",0,"","","","","","","",0,"",0,"","","",0,0,"","","","","","",0,"",0,"",0,"",0,"",""
"",5,5,TX1_INV_RM,"","","","","",0,"",0,"",0,"",0,"","","",0,"",0,"",0,"",0,"",0,"","","","","","","",0,"",0,"","","",0,0,"","","","","","",0,"",0,"",0,"",0,"",""
"",4,4,TX1_INV_CM,"","","","","",0,"",0,"",0,"",0,"","","",0,"",0,"",0,"",0,"",0,"","","","","","","",0,"",0,"","","",0,0,"","","","","","",0,"",0,"",0,"",0,"",""
"",3,1,TX_CLK_MODE_RM,"","","","","",1,"",1,"",1,"",1,"","","",7,"",7,"",7,"",7,"",7,"","","","","","","",1,"",7,"","","",7,7,"","","","","","",1,"",7,"",7,"",1,"",""
"",0,0,TX_PD_CLK_GEN,"","","","","",1,"",1,"",1,"",1,"","","",1,"",1,"",1,"",1,"",1,"","","","","","","",1,"",1,"","","",1,1,"","","","","","",1,"",1,"",1,"",1,"",""
CLIF_TX_UNDERSHOOT_CONFIG_REG,"","","","","","","","",17,"",5,"",5,"",1,"","","",0,"",0,"",0,"",0,"","","",0,"",0,"","","",00F000001F,"",00FF000F,"","","",00FF000F,00FF000F,"","","","","","",17,"",0,"",0,"",0,"",""
"",31,16,TX_UNDERSHOOT_PATTERN,"","","","","",0,"",0,"",0,"",0,"","","",0,"",0,"",0,"",0,"","","",0,"",0,"","","",F000,"",FF,"","","",FF,FF,"","","","","","",0,"",0,"",0,"",0,"",""
"",15,6,RESERVED,"","","","","",0,"",0,"",0,"",0,"","","",0,"",0,"",0,"",0,"","","",0,"",0,"","","",0,"",0,"","","",0,0,"","","","","","",0,"",0,"",0,"",0,"",""
"",5,5,TX_UNDERSHOOT_PROT_LAST_SC_ENABLE,"","","","","",0,"",0,"",0,"",0,"","","",0,"",0,"",0,"",0,"","","",0,"",0,"","","",0,"",0,"","","",0,0,"","","","","","",0,"",0,"",0,"",0,"",""
"",4,1,TX_UNDERSHOOT_PATTERN_LEN,"","","","","",B,"",2,"",2,"",0,"","","",0,"",0,"",0,"",0,"","","",0,"",0,"","","",F,"",7,"","","",7,7,"","","","","","",B,"",0,"",0,"",0,"",""
"",0,0,TX_UNDERSHOOT_PROT_ENABLE,"","","","","",1,"",1,"",1,"",1,"","","",0,"",0,"",0,"",0,"","","",0,"",0,"","","",1,"",1,"","","",1,1,"","","","","","",1,"",0,"",0,"",0,"",""
CLIF_TX_OVERSHOOT_CONFIG_REG,"","","","","","","","",0,"",0,"",0,"",0,"","","",0,"",0,"",01FE0013,"",07E000D,"","","",0,"",0,"","","",0,"",0,"","","",0,0,"","","","","","",0,"",0,"",0,"",0,"",""
"",31,16,TX_OVERSHOOT_PATTERN,"","","","","",0,"",0,"",0,"",0,"","","",0,"",0,"",1FE,"",7E,"","","",0,"",0,"","","",0,"",0,"","","",0,0,"","","","","","",0,"",0,"",0,"",0,"",""
"",15,5,RESERVED,"","","","","",0,"",0,"",0,"",0,"","","",0,"",0,"",0,"",0,"","","",0,"",0,"","","",0,"",0,"","","",0,0,"","","","","","",0,"",0,"",0,"",0,"",""
"",4,1,TX_OVERSHOOT_PATTERN_LEN,"","","","","",0,"",0,"",0,"",0,"","","",0,"",0,"",9,"",6,"","","",0,"",0,"","","",0,"",0,"","","",0,0,"","","","","","",0,"",0,"",0,"",0,"",""
"",0,0,TX_OVERSHOOT_PROT_ENABLE,"","","","","",0,"",0,"",0,"",0,"","","",0,"",0,"",1,"",1,"","","",0,"",0,"","","",0,"",0,"","","",0,0,"","","","","","",0,"",0,"",0,"",0,"",""
CLIF_ANA_TX_SHAPE_CONTROL_REG,"","","","","","","","",01B000F43,"",01B000F43,"",01B000F43,"",01F000F45,"","","",007000756,"",007000746,"",00E000F54,"",00D000F32,"","","",007010744,"",007010F33,"","","",01B000745,"",007010F44,"","","",007000734,007000734,"","","","","","",01B000F43,"",007010F44,"",007010F33,"",0,"",""
"",31,29,RESERVED,"","","","","",0,"",0,"",0,"",0,"","","",0,"",0,"",0,"",0,"","","",0,"",0,"","","",0,"",0,"","","",0,0,"","","","","","",0,"",0,"",0,"",0,"",""
"",28,24,TX_RESIDUAL_CARRIER_OV_PREV,"","","","","",1B,"",1B,"",1B,"",1F,"","","",7,"",7,"",E,"",D,"","","",7,"",7,"","","",1B,"",7,"","","",7,7,"","","","","","",1B,"",7,"",7,"",0,"",""
"",23,18,RESERVED,"","","","","",0,"",0,"",0,"",0,"","","",0,"",0,"",0,"",0,"","","",0,"",0,"","","",0,"",0,"","","",0,0,"","","","","","",0,"",0,"",0,"",0,"",""
"",17,17,TX_SET_BYPASS_SC_SHAPING,"","","","","",0,"",0,"",0,"",0,"","","",0,"",0,"",0,"",0,"","","",0,"",0,"","","",0,"",0,"","","",0,0,"","","","","","",0,"",0,"",0,"",0,"",""
"",16,12,RESERVED,"","","","","",0,"",0,"",0,"",0,"","","",0,"",0,"",0,"",0,"","","",10,"",10,"","","",0,"",10,"","","",0,0,"","","","","","",0,"",10,"",10,"",0,"",""
"",11,8,TX_SET_SLEW_SHUNTREG,"","","","","",F,"",F,"",F,"",F,"","","",7,"",7,"",F,"",F,"","","",7,"",F,"","","",7,"",F,"","","",7,7,"","","","","","",F,"",F,"",F,"",0,"",""
"",7,4,TX_SET_TAU_MOD_FALLING,"","","","","",4,"",4,"",4,"",4,"","","",5,"",4,"",5,"",3,"","","",4,"",3,"","","",4,"",4,"","","",3,3,"","","","","","",4,"",4,"",3,"",0,"",""
"",3,0,TX_SET_TAU_MOD_RISING,"","","","","",3,"",3,"",3,"",5,"","","",6,"",6,"",4,"",2,"","","",4,"",3,"","","",5,"",4,"","","",4,4,"","","","","","",3,"",4,"",3,"",0,"",""
CLIF_TX_DATA_MOD_REG,"","","","","","","","",0230104,"",0F0105,"",060106,"",10107,"","","","","","","","","","","","","","","","","","","",43,"",43,"","","","","","","","","","","",0230104,"",15,"",16,"",0,"",""
"",31,24,RESERVED,"","","","","",0,"",0,"",0,"",0,"","","","","","","","","","","","","","","","","","","",0,"",0,"","","","","","","","","","","",0,"",0,"",0,"",0,"",""
"",23,16,TX_DATA_MOD_WIDTH,"","","","","",23,"",F,"",6,"",1,"","","","","","","","","","","","","","","","","","","",0,"",0,"","","","","","","","","","","",23,"",0,"",0,"",0,"",""
"",15,9,RESERVED,"","","","","",0,"",0,"",0,"",0,"","","","","","","","","","","","","","","","","","","",0,"",0,"","","","","","","","","","","",0,"",0,"",0,"",0,"",""
"",8,8,TX_DATA_MILLER_ENABLE,"","","","","",1,"",1,"",1,"",1,"","","","","","","","","","","","","","","","","","","",0,"",0,"","","","","","","","","","","",1,"",0,"",0,"",0,"",""
"",7,7,TX_DATA_INV_ENV,"","","","","",0,"",0,"",0,"",0,"","","","","","","","","","","","","","","","","","","",0,"",0,"","","","","","","","","","","",0,"",0,"",0,"",0,"",""
"",6,4,TX_DATA_ENV_TYPE,"","","","","",0,"",0,"",0,"",0,"","","","","","","","","","","","","","","","","","","",4,"",4,"","","","","","","","","","","",0,"",1,"",1,"",0,"",""
"",3,3,TX_DATA_SC_FREQ,"","","","","",0,"",0,"",0,"",0,"","","","","","","","","","","","","","","","","","","",0,"",0,"","","","","","","","","","","",0,"",0,"",0,"",0,"",""
"",2,0,TX_DATA_BIT_FREQ,"","","","","",4,"",5,"",6,"",7,"","","","","","","","","","","","","","","","","","","",3,"",3,"","","","","","","","","","","",4,"",5,"",6,"",0,"",""
CLIF_TX_SYMBOL23_MOD_REG,"","","","","","","","",0230104,"",0F0105,"",060106,"",10107,"","","","","","","","","","","","","","","","","","","",4,"",4,"","","","","","","","","","","",0260104,"","","","","",0,"",""
"",31,24,RESERVED,"","","","","",0,"",0,"",0,"",0,"","","","","","","","","","","","","","","","","","","",0,"",0,"","","","","","","","","","","",0,"","","","","",0,"",""
"",23,16,TX_S23_MODWIDTH,"","","","","",23,"",F,"",6,"",1,"","","","","","","","","","","","","","","","","","","",0,"",0,"","","","","","","","","","","",26,"","","","","",0,"",""
"",15,9,RESERVED,"","","","","",0,"",0,"",0,"",0,"","","","","","","","","","","","","","","","","","","",0,"",0,"","","","","","","","","","","",0,"","","","","",0,"",""
"",8,8,TX_S23_MILLER_ENABLE,"","","","","",1,"",1,"",1,"",1,"","","","","","","","","","","","","","","","","","","",0,"",0,"","","","","","","","","","","",1,"","","","","",0,"",""
"",7,7,TX_S23_INV_ENV,"","","","","",0,"",0,"",0,"",0,"","","","","","","","","","","","","","","","","","","",0,"",0,"","","","","","","","","","","",0,"","","","","",0,"",""
"",6,4,TX_S23_ENV_TYPE,"","","","","",0,"",0,"",0,"",0,"","","","","","","","","","","","","","","","","","","",0,"",0,"","","","","","","","","","","",0,"","","","","",0,"",""
"",3,3,TX_S23_SC_FREQ,"","","","","",0,"",0,"",0,"",0,"","","","","","","","","","","","","","","","","","","",0,"",0,"","","","","","","","","","","",0,"","","","","",0,"",""
"",2,0,TX_S23_BIT_FREQ,"","","","","",4,"",5,"",6,"",7,"","","","","","","","","","","","","","","","","","","",4,"",4,"","","","","","","","","","","",4,"","","","","",0,"",""
CLIF_TX_SYMBOL_CONFIG_REG,"","","","","","","","",0,"",0,"",0,"",0,"","","",0402B9,"",04014C,"",04014C,"",04014C,"","","","","","","","","",07C00,"",07C00,"","","",0ED,0ED,"","","","","","",9,"",031000F,"",031000F,"",0,"",""
"",31,31,RESERVED,"","","","","",0,"",0,"",0,"",0,"","","",0,"",0,"",0,"",0,"","","","","","","","","",0,"",0,"","","",0,0,"","","","","","",0,"",0,"",0,"",0,"",""
"",30,27,TX_SYMBOL1_BURST_LEN,"","","","","",0,"",0,"",0,"",0,"","","",0,"",0,"",0,"",0,"","","","","","","","","",0,"",0,"","","",0,0,"","","","","","",0,"",0,"",0,"",0,"",""
"",26,26,TX_SYMBOL1_BURST_TYPE,"","","","","",0,"",0,"",0,"",0,"","","",0,"",0,"",0,"",0,"","","","","","","","","",0,"",0,"","","",0,0,"","","","","","",0,"",0,"",0,"",0,"",""
"",25,25,TX_SYMBOL1_BURST_ONLY,"","","","","",0,"",0,"",0,"",0,"","","",0,"",0,"",0,"",0,"","","","","","","","","",0,"",0,"","","",0,0,"","","","","","",0,"",0,"",0,"",0,"",""
"",24,24,TX_SYMBOL1_BURST_ENABLE,"","","","","",0,"",0,"",0,"",0,"","","",0,"",0,"",0,"",0,"","","","","","","","","",0,"",0,"","","",0,0,"","","","","","",0,"",0,"",0,"",0,"",""
"",23,23,RESERVED,"","","","","",0,"",0,"",0,"",0,"","","",0,"",0,"",0,"",0,"","","","","","","","","",0,"",0,"","","",0,0,"","","","","","",0,"",0,"",0,"",0,"",""
"",22,19,TX_SYMBOL0_BURST_LEN,"","","","","",0,"",0,"",0,"",0,"","","",0,"",0,"",0,"",0,"","","","","","","","","",0,"",0,"","","",0,0,"","","","","","",0,"",6,"",6,"",0,"",""
"",18,18,TX_SYMBOL0_BURST_TYPE,"","","","","",0,"",0,"",0,"",0,"","","",1,"",1,"",1,"",1,"","","","","","","","","",0,"",0,"","","",0,0,"","","","","","",0,"",0,"",0,"",0,"",""
"",17,17,TX_SYMBOL0_BURST_ONLY,"","","","","",0,"",0,"",0,"",0,"","","",0,"",0,"",0,"",0,"","","","","","","","","",0,"",0,"","","",0,0,"","","","","","",0,"",0,"",0,"",0,"",""
"",16,16,TX_SYMBOL0_BURST_ENABLE,"","","","","",0,"",0,"",0,"",0,"","","",0,"",0,"",0,"",0,"","","","","","","","","",0,"",0,"","","",0,0,"","","","","","",0,"",1,"",1,"",0,"",""
"",15,13,TX_SYMBOL3_LEN,"","","","","",0,"",0,"",0,"",0,"","","",0,"",0,"",0,"",0,"","","","","","","","","",3,"",3,"","","",0,0,"","","","","","",0,"",0,"",0,"",0,"",""
"",12,10,TX_SYMBOL2_LEN,"","","","","",0,"",0,"",0,"",0,"","","",0,"",0,"",0,"",0,"","","","","","","","","",7,"",7,"","","",0,0,"","","","","","",0,"",0,"",0,"",0,"",""
"",9,5,TX_SYMBOL1_LEN,"","","","","",0,"",0,"",0,"",0,"","","",15,"",A,"",A,"",A,"","","","","","","","","",0,"",0,"","","",7,7,"","","","","","",0,"",0,"",0,"",0,"",""
"",4,0,TX_SYMBOL0_LEN,"","","","","",0,"",0,"",0,"",0,"","","",19,"",C,"",C,"",C,"","","","","","","","","",0,"",0,"","","",D,D,"","","","","","",9,"",F,"",F,"",0,"",""
CLIF_ANA_CLK_MAN_REG,"","","","","","","","","","","","","","","","","","","","","","","","","","","","","","","","","","","","","","","","","","","","","","","",10,"","","","","","",0,"",""
"",31,7,RESERVED,"","","","","","","","","","","","","","","","","","","","","","","","","","","","","","","","","","","","","","","","","","","","",0,"","","","","","",0,"",""
"",6,6,CLOCK_TX_SEL_SLALM,"","","","","","","","","","","","","","","","","","","","","","","","","","","","","","","","","","","","","","","","","","","","",0,"","","","","","",0,"",""
"",5,5,CLOCK_PD_RF_27M12,"","","","","","","","","","","","","","","","","","","","","","","","","","","","","","","","","","","","","","","","","","","","",0,"","","","","","",0,"",""
"",4,4,CLOCK_ADC_SEL_RF,"","","","","","","","","","","","","","","","","","","","","","","","","","","","","","","","","","","","","","","","","","","","",1,"","","","","","",0,"",""
"",3,3,CLOCK_TX_SEL_RF,"","","","","","","","","","","","","","","","","","","","","","","","","","","","","","","","","","","","","","","","","","","","",0,"","","","","","",0,"",""
"",2,0,CLOCK_CONFIG_DLL_ALM,"","","","","","","","","","","","","","","","","","","","","","","","","","","","","","","","","","","","","","","","","","","","",0,"","","","","","",0,"",""
CLIF_TX_SYMBOL01_MOD_REG,"","","","","","","","",0230104,"","","","","","","","","",085,"",085,"",086,"",087,"","","","","","","","","","","","","","","","","","","","","","","",0230104,"",15,"",16,"",0,"",""
"",31,24,RESERVED,"","","","","",0,"","","","","","","","","",0,"",0,"",0,"",0,"","","","","","","","","","","","","","","","","","","","","","","",0,"",0,"",0,"",0,"",""
"",23,16,TX_S01_MODWIDTH,"","","","","",23,"","","","","","","","","",0,"",0,"",0,"",0,"","","","","","","","","","","","","","","","","","","","","","","",23,"",0,"",0,"",0,"",""
"",15,9,RESERVED,"","","","","",0,"","","","","","","","","",0,"",0,"",0,"",0,"","","","","","","","","","","","","","","","","","","","","","","",0,"",0,"",0,"",0,"",""
"",8,8,TX_S01_MILLER_ENABLE,"","","","","",1,"","","","","","","","","",0,"",0,"",0,"",0,"","","","","","","","","","","","","","","","","","","","","","","",1,"",0,"",0,"",0,"",""
"",7,7,TX_S01_INV_ENV,"","","","","",0,"","","","","","","","","",1,"",1,"",1,"",1,"","","","","","","","","","","","","","","","","","","","","","","",0,"",0,"",0,"",0,"",""
"",6,4,TX_S01_ENV_TYPE,"","","","","",0,"","","","","","","","","",0,"",0,"",0,"",0,"","","","","","","","","","","","","","","","","","","","","","","",0,"",1,"",1,"",0,"",""
"",3,3,TX_S01_SC_FREQ,"","","","","",0,"","","","","","","","","",0,"",0,"",0,"",0,"","","","","","","","","","","","","","","","","","","","","","","",0,"",0,"",0,"",0,"",""
"",2,0,TX_S01_BIT_FREQ,"","","","","",4,"","","","","","","","","",5,"",5,"",6,"",7,"","","","","","","","","","","","","","","","","","","","","","","",4,"",5,"",6,"",0,"",""
CLIF_TX_SYMBOL0_DEF_REG,"","","","","","","","","","","","","","","","","","",1F,"",3,"",3,"",3,"","","","","","","","","","","","","","","",02841,02841,"","","","","","","","","","","","",0,"",""
"",31,28,RESERVED,"","","","","","","","","","","","","","","",0,"",0,"",0,"",0,"","","","","","","","","","","","","","","",0,0,"","","","","","","","","","","","",0,"",""
"",27,0,TX_SYMBOL0_DEF,"","","","","","","","","","","","","","","",1F,"",3,"",3,"",3,"","","","","","","","","","","","","","","",2841,2841,"","","","","","","","","","","","",0,"",""
CLIF_TX_SYMBOL1_DEF_REG,"","","","","","","","","","","","","","","","","","","","","","","","","","","","","","","","","","","","","","","","",0A1,0A1,"","","","","","","","","","","","",0,"",""
"",31,28,RESERVED,"","","","","","","","","","","","","","","","","","","","","","","","","","","","","","","","","","","","","",0,0,"","","","","","","","","","","","",0,"",""
"",27,0,TX_SYMBOL1_DEF,"","","","","","","","","","","","","","","","","","","","","","","","","","","","","","","","","","","","","",A1,A1,"","","","","","","","","","","","",0,"",""
CLIF_TEST_CONTROL_REG,"","","","","","","","","","","","","","","","","","","","","","","","","","","","","","","","","","","","","","","","","","","","","","","","","","","","","","",0280000,"",""
"",31,31,CLIF_SOFT_RESET,"","","","","","","","","","","","","","","","","","","","","","","","","","","","","","","","","","","","","","","","","","","","","","","","","","","",0,"",""
"",30,30,CLIF_TESTBIT_1,"","","","","","","","","","","","","","","","","","","","","","","","","","","","","","","","","","","","","","","","","","","","","","","","","","","",0,"",""
"",29,29,AGC_HP_AUTO_ENABLE,"","","","","","","","","","","","","","","","","","","","","","","","","","","","","","","","","","","","","","","","","","","","","","","","","","","",0,"",""
"",28,27,RESERVED,"","","","","","","","","","","","","","","","","","","","","","","","","","","","","","","","","","","","","","","","","","","","","","","","","","","",0,"",""
"",26,26,NRZ_INPUT_FILTER_BYPASS,"","","","","","","","","","","","","","","","","","","","","","","","","","","","","","","","","","","","","","","","","","","","","","","","","","","",0,"",""
"",25,25,RXDEC_NFCC5699_BYPASS,"","","","","","","","","","","","","","","","","","","","","","","","","","","","","","","","","","","","","","","","","","","","","","","","","","","",0,"",""
"",24,24,TX_BOOSTER_DRIVER_ON,"","","","","","","","","","","","","","","","","","","","","","","","","","","","","","","","","","","","","","","","","","","","","","","","","","","",0,"",""
"",23,23,DEFAULT_PLL_MODE_ENABLE,"","","","","","","","","","","","","","","","","","","","","","","","","","","","","","","","","","","","","","","","","","","","","","","","","","","",0,"",""
"",22,21,TADT_EXTEND_SELECT,"","","","","","","","","","","","","","","","","","","","","","","","","","","","","","","","","","","","","","","","","","","","","","","","","","","",1,"",""
"",20,20,PRBS_TYPE,"","","","","","","","","","","","","","","","","","","","","","","","","","","","","","","","","","","","","","","","","","","","","","","","","","","",0,"",""
"",19,19,LONG_LD_MASK,"","","","","","","","","","","","","","","","","","","","","","","","","","","","","","","","","","","","","","","","","","","","","","","","","","","",1,"",""
"",18,18,TIDT_SKIP_ENABLE,"","","","","","","","","","","","","","","","","","","","","","","","","","","","","","","","","","","","","","","","","","","","","","","","","","","",0,"",""
"",17,17,TYPEB_TX_WAIT_PRESELECT,"","","","","","","","","","","","","","","","","","","","","","","","","","","","","","","","","","","","","","","","","","","","","","","","","","","",0,"",""
"",16,16,DIRECT_DATA_ACCESS_ENABLE,"","","","","","","","","","","","","","","","","","","","","","","","","","","","","","","","","","","","","","","","","","","","","","","","","","","",0,"",""
"",15,15,NRZ_SOF_DETECT_TESTBIT,"","","","","","","","","","","","","","","","","","","","","","","","","","","","","","","","","","","","","","","","","","","","","","","","","","","",0,"",""
"",14,14,MILLER_CLOCKFAIL_IGNORED,"","","","","","","","","","","","","","","","","","","","","","","","","","","","","","","","","","","","","","","","","","","","","","","","","","","",0,"",""
"",13,13,MODE_DETECTOR_SEL,"","","","","","","","","","","","","","","","","","","","","","","","","","","","","","","","","","","","","","","","","","","","","","","","","","","",0,"",""
"",12,12,MILLER_DECODER_SEL,"","","","","","","","","","","","","","","","","","","","","","","","","","","","","","","","","","","","","","","","","","","","","","","","","","","",0,"",""
"",11,11,TADT_SKIP_CHECK_ENABLE,"","","","","","","","","","","","","","","","","","","","","","","","","","","","","","","","","","","","","","","","","","","","","","","","","","","",0,"",""
"",10,10,RF_FREQ_OK_OVERRIDE_ENABLE,"","","","","","","","","","","","","","","","","","","","","","","","","","","","","","","","","","","","","","","","","","","","","","","","","","","",0,"",""
"",9,8,RFDET_SOURCE_SEL,"","","","","","","","","","","","","","","","","","","","","","","","","","","","","","","","","","","","","","","","","","","","","","","","","","","",0,"",""
"",7,7,EXTERN_PRO,"","","","","","","","","","","","","","","","","","","","","","","","","","","","","","","","","","","","","","","","","","","","","","","","","","","",0,"",""
"",6,6,SIG_STARTBIT,"","","","","","","","","","","","","","","","","","","","","","","","","","","","","","","","","","","","","","","","","","","","","","","","","","","",0,"",""
"",5,5,SIG_I,"","","","","","","","","","","","","","","","","","","","","","","","","","","","","","","","","","","","","","","","","","","","","","","","","","","",0,"",""
"",4,4,SIG_Q,"","","","","","","","","","","","","","","","","","","","","","","","","","","","","","","","","","","","","","","","","","","","","","","","","","","",0,"",""
"",3,3,RESERVED,"","","","","","","","","","","","","","","","","","","","","","","","","","","","","","","","","","","","","","","","","","","","","","","","","","","",0,"",""
"",2,2,RESET_RF_ON_OFF,"","","","","","","","","","","","","","","","","","","","","","","","","","","","","","","","","","","","","","","","","","","","","","","","","","","",0,"",""
"",1,1,STOP_CLOCK,"","","","","","","","","","","","","","","","","","","","","","","","","","","","","","","","","","","","","","","","","","","","","","","","","","","",0,"",""
"",0,0,TX_ENV_TB_INPUT_ENABLE,"","","","","","","","","","","","","","","","","","","","","","","","","","","","","","","","","","","","","","","","","","","","","","","","","","","",0,"",""
